Workbook

Sheet Options
A1: Option 1 base case against Option 2 optimised, night shift on trades
A2: Both options use the same trade content, the same crews and the same rates. Only the access arrangement differs.
B4: OPTION 1 Base case Day shift only, as Draft A | C4: OPTION 2 Optimised Trades day & night, platforms move in daylight only | D4: Note
A5: THE CYCLE
A6: Trade shifts worked per calendar day | B6: 1 | C6: =1+Inputs!$B$15 -> 1.95 | D6: Option 2 adds a night shift on the trades only, derated for night productivity
A7: Effective access days per bent | B7: =Inputs!$B$9/Inputs!$B$13 -> 2.8571429 | C7: =Inputs!$B$9/Inputs!$B$13 -> 2.8571429 | D7: Moves are daylight only in both options. Platform is floating during a move, so it carries the floating availability
A8: Effective trade days per bent | B8: =(Inputs!$B$10/B6)/Inputs!$B$14 -> 8.2352941 | C8: =(Inputs!$B$10/C6)/Inputs!$B$14 -> 4.2232278 | D8: Once lifted and transferred onto positive ties the platform is a fixed suspended platform, so trade work carries the fixed availability
A9: Approval hold days | B9: =Inputs!$B$11*(1-Inputs!$B$12) -> 0 | C9: =Inputs!$B$11*(1-Inputs!$B$12) -> 0 | D9: Removed in both options if the repair library is agreed under contract Appendix J
A10: EFFECTIVE CYCLE, days per bent | B10: =B7+B8+B9 -> 11.092437 | C10: =C7+C8+C9 -> 7.0803706
A12: THE FLEET
A13: Bents per week, one front | B13: =Inputs!$B$8/B10 -> 0.54090909 | C13: =Inputs!$B$8/C10 -> 0.84741327
A14: Bents per week required | B14: =Inputs!$B$6/Inputs!$B$7 -> 4.5039683 | C14: =Inputs!$B$6/Inputs!$B$7 -> 4.5039683 | D14: 227 bents across the two available seasons
A15: WORK FRONTS REQUIRED | B15: =ROUNDUP(B14/B13,0) -> 9 | C15: =ROUNDUP(C14/C13,0) -> 6 | D15: One front = two floating stage halves working one bent
A16: Stage halves in the water | B16: =B15*2 -> 18 | C16: =C15*2 -> 12 | D16: Supplier holds five platforms today. The balance is the fleet build, still POA
A17: Chain blocks required | B17: =B15*4 -> 36 | C17: =C15*4 -> 24 | D17: Four Kito 2 t per front
A18: Clamp sets rigged (working plus one bent ahead) | B18: =B15*2 -> 18 | C18: =C15*2 -> 12
A19: Campaign weeks | B19: =MIN(Inputs!$B$7,Inputs!$B$6/(B15*B13)) -> 46.629318 | C19: =MIN(Inputs!$B$7,Inputs!$B$6/(C15*C13)) -> 44.64567
A21: HEADCOUNT
A22: Trade heads on shift (contractor's cost, not ours) | B22: =B15*5 -> 45 | C22: =C15*5*2 -> 60 | D22: Five trades per face. Option 2 runs two crews per front. Total trade person-shifts is identical at 227 x 7 x 5 = 7,945
A23: Access crew, day shift | B23: =ROUNDUP(B15*Inputs!$B$16,0) -> 12 | C23: =ROUNDUP(C15*Inputs!$B$16,0) -> 8 | D23: Riggers, scaffolders, coxswains. A fleet crew, not a per front crew
A24: Access crew, night shift | B24: 0 | C24: =Inputs!$B$17 -> 2 | D24: Option 2 only. No moves, no lifting, no man riding at night. Rescue capability and permit control still required
A25: Total on site | B25: =B22+B23+B24 -> 57 | C25: =C22+C23+C24 -> 70
A27: ACCESS COST, our scope only
A28: Access kit | B28: =Inputs!$B$20*B15*B19 -> 2266184.9 | C28: =Inputs!$B$20*C15*C19 -> 1446519.7
A29: Marine base, operating | B29: =Inputs!$B$19*7*B19 -> 3264052.3 | C29: =Inputs!$B$19*7*C19 -> 3125196.9 | D29: Largest single line. Rate conflict unresolved
A30: Access labour | B30: =(B23+B24)*Inputs!$B$8*B19*Inputs!$B$18 -> 6211025.2 | C30: =(C23+C24)*Inputs!$B$8*C19*Inputs!$B$18 -> 4955669.4 | D30: Charged on campaign weeks, not productive shifts
A31: Fixed access lines | B31: =Inputs!$B$38 -> 2480709 | C31: =Inputs!$B$38 -> 2480709 | D31: Identical in both options
A32: Subtotal | B32: =SUM(B28:B31) -> 14221971 | C32: =SUM(C28:C31) -> 12008095
A33: Contingency | B33: =B32*Inputs!$B$21 -> 3555492.8 | C33: =C32*Inputs!$B$21 -> 3002023.8 | D33: AACE Class 5
A34: ACCESS TOTAL | B34: =B32+B33 -> 17777464 | C34: =C32+C33 -> 15010119
A35: Access cost per bent | B35: =B34/Inputs!$B$6 -> 78314.82 | C35: =C34/Inputs!$B$6 -> 66123.871
A36: Saving of Option 2 against Option 1 | C36: =B34-C34 -> 2767345.4
A38: WHAT ELSE CHANGES
A39: Marine risk exposure | B39: Moves, lifting and man riding in daylight only | C39: Unchanged. No moves, no lifting, no man riding at night. Night work is trade work on a platform already lifted and tied off, accessed from the jetty deck | D39: Option 2 does not add marine risk, it adds hours on a static platform
A40: Rescue over water | B40: Day only | C40: Required at night as well. The one marine duty that does not go away | D40: Cost carried in the night standby crew above
A41: Recoat window | B41: Blast and first coat can fall either side of a night, risking flash rust and rework | C41: Blast runs into first coat across the day and night boundary, inside the window | D41: The incumbent record already shows defects found after blast, reblast and touch up
A42: Fabrication lead time | B42: More halves to build before a March 2027 mobilisation | C42: Fewer halves. This is the largest programme benefit, not the cost saving | D42: Fleet build is still POA in both options
A43: Accommodation, Ingham | B43: Fewer beds | C43: More beds, and two shift patterns to roster | D43: Trade contractor's cost, but STL will ask
A44: Light spill, marine park | B44: Not applicable | C44: GBRMPA question. The encapsulated habitat contains most of it | D44: Raise in the approvals pathway
A46: Before Option 2 goes to STL, verify: (1) that night work is a choice and not a prohibition under the contract, MSQ, the port authority or GBRMPA, since Draft A states it as a site constraint; (2) the night rescue and medevac arrangement; (3) light spill against the marine park conditions; (4) that the coating supplier supports night application.

Sheet Inputs
A1: ED-018-2026-06 Access Options Model, Rev A
A2: Lucinda jetty remediation. Two access options compared on one basis. Access scope only: trade works are held at the contractor's own durations, crews and rates and are not re-priced.
A3: Blue cells are inputs you may change. Yellow cells are unconfirmed with the owner named. Everything else is formula.
A5: Input | B5: Value | C5: Unit | D5: Source and confidence
A6: Priority bents | B6: 227 | C6: ea | D6: Contract Appendix D priority scope. Planning basis pending the STL bent register
A7: Available weeks | B7: 50.4 | C7: wk | D7: Two 26 week seasons less 1.6 ship call weeks
A8: Working days per week | B8: 6 | C8: d | D8: No Sundays, no seventh day
A9: Access (move) shifts per bent | B9: 2 | C9: sh | D9: Supplier stated: move on 1, move off 1
A10: Trade shifts per bent | B10: 7 | C10: sh | D10: Contractor programme, held identical in both options
A11: Approval hold | B11: 3 | C11: d | D11: Contractor programme column
A12: Repair library agreed (1 yes, 0 no) | B12: 1 | C12: flag | D12: STL decision under contract Appendix J. VERIFY the clause carries the mechanism
A13: Availability: platform floating, during moves | B13: 0.7 | D13: Marine review: floating plant 60 to 80 percent Mar to Nov
A14: Availability: platform fixed on positive ties, trade work | B14: 0.85 | D14: Marine review: fixed suspended platforms 80 to 90 percent
A15: Night crew productivity vs day | B15: 0.95 | D15: Estimate, declared. Option 2 only
A16: Access crew per front | B16: 1.3333 | C16: heads | D16: 12 heads at 9 fronts: riggers, scaffolders, coxswains. Day shift only
A17: Night standby crew: rescue coxswain and crew, permit officer | B17: 2 | C17: heads | D17: Option 2 only. Required, not optional: crews work over water at night
A18: Head day cost | B18: 1850 | C18: $/d | D18: $150/h x 10 h plus $350 LAFHA and remote, GGC rate card
A19: Marine base, operating | B19: 10000 | C19: $/d | D19: ABH SeaLift 6 via T Glenister 20 Aug. CONFLICTS with $32,000/month on file
A20: Access kit per front | B20: 5400 | C20: $/front-wk | D20: Basis: winch set 2,500 + pontoons 1,400 + module 1,500
A21: Contingency | B21: 0.25 | D21: AACE Class 5 screening
A23: Fixed access lines, identical in both options
A24: Line | B24: $ | D24: Note
A25: Clamp and suspension certification, lift plans, man-riding certs | B25: 55500 | D25: Supplier scope, two engineers
A26: Approvals, inductions, VOCs, first-fit PPE, access crew | B26: 27750 | D26: Card 6.1
A27: Blastclad containment skin, $350 x 227 bents | B27: 79450 | D27: Containment is part of the platform
A28: Assemble and proof load each front | B28: 66600 | D28: 3 riggers and leading hand, 1 shift per front
A29: Marine mobilisation, tow in, establish | B29: 148500 | D29: Timing dependent
A30: Kit haulage, 8 semis | B30: 121500 | D30: Crawler POA
A31: Rescue proof and cyclone recovery drill | B31: 55500 | D31: Gate before the fleet grows
A32: Trial bent proven to the Superintendent | B32: 155400 | D32: Calibrates the true cycle
A33: Marine standby through the wet season | B33: 910000 | D33: 26 wk at half rate. TBC line by line
A34: Kit standby through the wet season | B34: 475800 | D34: Electrical and vehicles off site
A35: Workboat and vehicles | B35: 216209 | D35: Does not reconcile to Basis rates, see comment schedule
A36: Demobilise marine and kit | B36: 150000 | D36: Timing dependent
A37: Records, MDR, DLP allowance | B37: 18500 | D37: Contract 8.1.0
A38: Subtotal, fixed access lines | B38: =SUM(B25:B37) -> 2480709
A40: Not priced in either option: fleet build or hire (Activity 2.1, POA, five platforms exist), marine hull and P&I insurances, GBRMPA and MSQ permits, port charges, accommodation, escalation from August 2026 money.

Sheet Sensitivity
A1: Does the answer move? Fronts required under each availability scenario
A2: This is the case for Option 2. Option 1 swings by five fronts across the range; Option 2 holds.
A4: Scenario | B4: Floating availability (moves) | C4: Fixed availability (trade) | D4: Opt 1 cycle, days | E4: Opt 1 FRONTS | F4: Opt 2 cycle, days | G4: Opt 2 FRONTS
A5: Marine review, pessimistic | B5: 0.6 | C5: 0.8 | D5: =Inputs!$B$9/B5+(Inputs!$B$10/1)/C5+Inputs!$B$11*(1-Inputs!$B$12) -> 12.083333 | E5: =ROUNDUP((Inputs!$B$6/Inputs!$B$7)/(Inputs!$B$8/D5),0) -> 10 | F5: =Inputs!$B$9/B5+(Inputs!$B$10/(1+Inputs!$B$15))/C5+Inputs!$B$11*(1-Inputs!$B$12) -> 7.8205128 | G5: =ROUNDUP((Inputs!$B$6/Inputs!$B$7)/(Inputs!$B$8/F5),0) -> 6
A6: Marine review, mid (model base) | B6: 0.7 | C6: 0.85 | D6: =Inputs!$B$9/B6+(Inputs!$B$10/1)/C6+Inputs!$B$11*(1-Inputs!$B$12) -> 11.092437 | E6: =ROUNDUP((Inputs!$B$6/Inputs!$B$7)/(Inputs!$B$8/D6),0) -> 9 | F6: =Inputs!$B$9/B6+(Inputs!$B$10/(1+Inputs!$B$15))/C6+Inputs!$B$11*(1-Inputs!$B$12) -> 7.0803706 | G6: =ROUNDUP((Inputs!$B$6/Inputs!$B$7)/(Inputs!$B$8/F6),0) -> 6
A7: Marine review, optimistic | B7: 0.8 | C7: 0.9 | D7: =Inputs!$B$9/B7+(Inputs!$B$10/1)/C7+Inputs!$B$11*(1-Inputs!$B$12) -> 10.277778 | E7: =ROUNDUP((Inputs!$B$6/Inputs!$B$7)/(Inputs!$B$8/D7),0) -> 8 | F7: =Inputs!$B$9/B7+(Inputs!$B$10/(1+Inputs!$B$15))/C7+Inputs!$B$11*(1-Inputs!$B$12) -> 6.488604 | G7: =ROUNDUP((Inputs!$B$6/Inputs!$B$7)/(Inputs!$B$8/F7),0) -> 5
A8: Draft A blanket 0.85 | B8: 0.85 | C8: 0.85 | D8: =Inputs!$B$9/B8+(Inputs!$B$10/1)/C8+Inputs!$B$11*(1-Inputs!$B$12) -> 10.588235 | E8: =ROUNDUP((Inputs!$B$6/Inputs!$B$7)/(Inputs!$B$8/D8),0) -> 8 | F8: =Inputs!$B$9/B8+(Inputs!$B$10/(1+Inputs!$B$15))/C8+Inputs!$B$11*(1-Inputs!$B$12) -> 6.5761689 | G8: =ROUNDUP((Inputs!$B$6/Inputs!$B$7)/(Inputs!$B$8/F8),0) -> 5
A10: Other stresses on Option 2 (mid availability unless stated)
A11: Stress | B11: Opt 2 fronts
A12: Night crew only 80 percent as productive | B12: =ROUNDUP((227/50.4)/(6/(2/0.7+(7/1.8)/0.85)),0) -> 6
A13: Marine moves take 3 days, not 2 | B13: =ROUNDUP((227/50.4)/(6/(3/0.7+(7/1.95)/0.85)),0) -> 7
A14: Repair library NOT agreed | B14: =ROUNDUP((227/50.4)/(6/(2/0.7+(7/1.95)/0.85+3)),0) -> 8
A15: Scope is 257 bents, not 227 | B15: =ROUNDUP((257/50.4)/(6/(2/0.7+(7/1.95)/0.85)),0) -> 7
A16: Pessimistic availability AND no library | B16: =ROUNDUP((227/50.4)/(6/(2/0.6+(7/1.95)/0.8+3)),0) -> 9
A18: A recommendation that holds still when the metocean lands is worth more to a risk averse board than a lower number that moves.

Sheet Levers
A1: Cost optimisation levers, Option 2 base
A2: None of these is claimed in the reported $15.0M. Each is banked only when its verification lands. Blue cells are the lever assumptions.
A4: Lever | B4: Assumption | C4: Saving (incl 25% contingency) | D4: Verification owner
A5: Marine base: moored spud flat top vs manned jack up | B5: $3,000/day vs $10,000/day, 44.5 wks x 7 days | C5: 3522475 | D5: Tim G / ABH quote in writing
A6: Wet season off-hire vs half-rate standby | B6: $250,000 remob lump vs $1,385,800 standby | C6: 1419750 | D6: Supplier off-hire terms; season 2 availability
A7: Night rescue reclassification (upside only) | B7: 2-head night standby crew stood down; fixed workplace ruling | C7: 1235147 | D7: Safety case + regulator; keep in base until cleared
A8: Contingency step down at award | B8: 25% to 15% on firmed subtotal | C8: 1197910 | D8: Class 4 estimate at award
A10: Packages
A11: Package | B11: Access total | C11: Vs $9.3M contract access allowance
A12: Reported base, Option 2 | B12: 14973876 | C12: +$5.7M
A13: Credible: spud + off-hire | B13: 10827901 | C13: +$1.5M
A14: Stretch: + rescue reclassification | B14: 9592754 | C14: +$0.3M
A15: Stretch at 15% contingency | B15: 8825334 | C15: below the allowance
A17: Also assessed: shoulder weeks are weather float, not savings (smaller fleet stretches marine base duration). Single season variant, 11 fronts in 2027 alone: saves about $3.95M operating against ~10 extra stage halves to build (POA) and buys a year of float; price when the fleet build lands. Kit buy vs hire breakeven: about $320,000 per front.
